id,record_date_time
1,2021-02-14 15:00
2,2021-02-14 16:00
3,2021-02-14 17:00
4,2021-02-14 18:00
5,2021-02-14 19:00
6,2021-02-14 20:00
7,2021-02-14 21:00
8,2021-02-14 22:00
9,2021-02-14 23:00
10,2021-02-15 00:00
11,2021-02-15 01:00
12,2021-02-15 02:00
13,2021-02-15 03:00
14,2021-02-15 04:00
15,2021-02-15 05:00
16,2021-02-15 06:00
17,2021-02-15 07:00
18,2021-02-15 08:00
19,2021-02-15 09:00
20,2021-02-15 10:00
21,2021-02-15 11:00
22,2021-02-15 12:00
23,2021-02-15 13:00
24,2021-02-15 14:00
25,2021-02-15 15:00
26,2021-02-15 16:00
27,2021-02-15 17:00
28,2021-02-15 18:00
29,2021-02-15 19:00
30,2021-02-15 20:00
31,2021-02-15 21:00
32,2021-02-15 22:00
33,2021-02-15 23:00
34,2021-02-16 00:00
35,2021-02-16 01:00
36,2021-02-16 02:00
37,2021-02-16 03:00
38,2021-02-16 04:00
39,2021-02-16 05:00
40,2021-02-16 06:00
41,2021-02-16 07:00
42,2021-02-16 08:00
43,2021-02-16 09:00
44,2021-02-16 10:00
45,2021-02-16 11:00
46,2021-02-16 12:00
47,2021-02-16 13:00
48,2021-02-16 14:00
49,2021-02-16 15:00
50,2021-02-16 16:00
51,2021-02-16 17:00
52,2021-02-16 18:00
53,2021-02-16 19:00
54,2021-02-16 20:00
55,2021-02-16 21:00
56,2021-02-16 22:00
57,2021-02-16 23:00
58,2021-02-17 00:00
59,2021-02-17 01:00
60,2021-02-17 02:00
61,2021-02-17 03:00
62,2021-02-17 04:00
63,2021-02-17 05:00
64,2021-02-17 06:00
65,2021-02-17 07:00
66,2021-02-18 08:00
67,2021-02-18 09:00
68,2021-02-18 10:00
69,2021-02-18 11:00
70,2021-02-17 12:00
71,2021-02-17 13:00
72,2021-02-17 14:00
73,2021-02-17 15:00
74,2021-02-17 16:00
75,2021-02-17 17:00
76,2021-02-17 18:00
77,2021-02-17 19:00
78,2021-02-17 20:00
79,2021-02-17 21:00
80,2021-02-17 22:00
81,2021-02-17 23:00
82,2021-02-18 00:00
83,2021-02-18 01:00
84,2021-02-18 02:00
85,2021-02-18 03:00
86,2021-02-18 04:00
87,2021-02-18 05:00
88,2021-02-18 06:00
89,2021-02-18 07:00
90,2021-02-18 08:00
91,2021-02-18 09:00
92,2021-02-18 10:00
93,2021-02-18 11:00
94,2021-02-18 12:00
95,2021-02-18 13:00
96,2021-02-18 14:00
97,2021-02-18 15:00
98,2021-02-18 16:00
99,2021-02-18 17:00
100,2021-02-18 18:00
101,2021-02-18 19:00
102,2021-02-18 20:00
103,2021-02-18 21:00
104,2021-02-18 22:00
105,2021-02-18 23:00
106,2021-02-19 00:00
107,2021-02-19 01:00
108,2021-02-19 02:00
109,2021-02-19 03:00
110,2021-02-19 04:00
111,2021-02-19 05:00
112,2021-02-19 06:00
113,2021-02-19 07:00
114,2021-02-19 08:00
115,2021-02-19 09:00
116,2021-02-19 10:00
117,2021-02-19 11:00
118,2021-02-19 12:00
119,2021-02-19 13:00
120,2021-02-19 14:00
121,2021-02-19 15:00
122,2021-02-19 16:00
123,2021-02-19 17:00
124,2021-02-19 18:00
125,2021-02-19 19:00
126,2021-02-19 20:00
127,2021-02-19 21:00
128,2021-02-19 22:00
129,2021-02-19 23:00
130,2021-02-20 00:00
131,2021-02-20 01:00
132,2021-02-20 02:00
133,2021-02-20 03:00
134,2021-02-20 04:00
135,2021-02-20 05:00
136,2021-02-20 06:00
137,2021-02-20 07:00
138,2021-02-20 08:00
139,2021-02-20 09:00
140,2021-02-20 10:00
141,2021-02-20 11:00
142,2021-02-20 12:00
143,2021-02-20 13:00
144,2021-02-20 14:00
145,2021-02-20 15:00
146,2021-02-20 16:00
147,2021-02-20 17:00
148,2021-02-20 18:00
149,2021-02-20 19:00
150,2021-02-20 20:00
151,2021-02-20 21:00
152,2021-02-20 22:00
153,2021-02-20 23:00
154,2021-02-21 00:00
155,2021-02-21 01:00
156,2021-02-21 02:00
157,2021-02-21 03:00
158,2021-02-21 04:00
159,2021-02-21 05:00
160,2021-02-21 06:00
161,2021-02-21 07:00
162,2021-02-21 08:00
163,2021-02-21 09:00
164,2021-02-21 10:00
165,2021-02-21 11:00
166,2021-02-21 12:00
167,2021-02-21 13:00
168,2021-02-21 14:00
169,2021-02-21 15:00
170,2021-02-21 16:00
171,2021-02-21 17:00
172,2021-02-21 18:00
173,2021-02-21 19:00
174,2021-02-21 20:00
175,2021-02-21 21:00
176,2021-02-21 22:00
177,2021-02-21 23:00
178,2021-02-22 00:00
179,2021-02-22 01:00
180,2021-02-22 02:00
181,2021-02-22 03:00
182,2021-02-22 04:00
183,2021-02-22 05:00
184,2021-02-22 06:00
185,2021-02-22 07:00
186,2021-02-22 08:00
187,2021-02-22 09:00
188,2021-02-22 10:00
189,2021-02-22 11:00
190,2021-02-22 12:00
191,2021-02-22 13:00
192,2021-02-22 14:00
193,2021-02-22 15:00
194,2021-02-22 16:00
195,2021-02-22 17:00
196,2021-02-22 18:00
197,2021-02-22 19:00
198,2021-02-22 20:00
199,2021-02-22 21:00
200,2021-02-22 22:00
201,2021-02-22 23:00
